id,weight,temperature,%water,price,type
0,0.1687562440540664,-0.005928264602593222,10.922339541646979,30.471707975443135,cherry
1,0.6565737034936009,-0.07292869363736615,-9.681312997439127,-103.99841062404955,apple
2,3.886286396762595,-0.041447306583585856,43.91490716777472,75.04511958064572,banana
3,4.88849681279378,0.06339103777337424,35.48506006435869,94.05647163912138,banana
4,3.742608930508986,0.00029932911999557324,43.74639628646946,-195.10351886538365,date
5,5.0680453304949165,0.03402099768683379,40.81590551490321,-130.2179506862318,cherry
6,0.5250192146723394,0.06700792422021899,20.131985963791617,12.784040316728538,cherry
7,1.1245483143404136,-0.03748414628976096,2.622491238046729,-31.62425923435822,apple
8,3.5543251490437893,0.07562481636298062,48.96999821827712,-1.6801157504288795,date
9,-0.4964116968840639,0.03788426034583944,8.020639456519463,-85.304392757358,banana
10,0.9918062444968506,-0.12348130869114787,-0.9251127755492683,87.93979748628286,apple
11,4.684505347169789,0.14423047911862444,43.04573026975631,77.77919354289483,date
12,-0.3309117513067548,-0.05007447437569162,13.671814187405474,6.603069756121604,apple
13,1.02455647942902,-0.1655095343185184,-0.38575905603180705,112.72412069680328,apple
14,4.269123077614428,-0.10450437095863024,38.682714681925646,46.75093422520456,apple
15,4.872708310667997,-0.1021045160678322,37.354237960842106,-85.92924628832382,banana
16,1.0437101193902167,0.005217331865753347,3.2588290119015983,36.875078408249884,apple
17,0.8299695745967893,-0.02738505055462372,-2.2288744401022695,-95.88826008289989,date
18,4.943563686662781,-0.03368319676405929,40.24104324598807,87.84503013072725,cherry
19,0.2480331929950345,0.0619701965482479,10.375022547467573,-4.992591098625289,banana
20,-0.34245018499542884,0.03398753611927038,4.575943695925784,-18.486236354526056,apple
21,4.171699151493803,0.031604787064428624,39.696649968858665,-68.09295444039414,banana
22,0.9286919571018055,0.04098284573286927,-6.492043573298643,122.25413386740303,apple
23,4.536112960504984,0.06161346680022383,57.98135736735374,-15.452948206880215,date
24,-0.3015102523218921,-0.21079533417774432,10.576825600213253,-42.83278221631072,banana
25,4.948068323239128,-0.03644382522644612,40.34931648944878,-35.21335504882296,banana
26,5.242761951069643,-0.2180210064489474,44.57246133670579,53.230918555334874,apple
27,0.5216148498676203,0.0036059926797795414,-6.121603921522735,36.54440643640783,apple
28,4.359232447344947,-0.00046329722243453205,39.30109768485669,41.27326115959884,apple
29,3.7923745221502276,0.10455322747896803,39.49666428710402,43.08210030078827,apple
30,3.8169213527718284,0.11876343927211208,44.684337023861204,214.16476008704612,cherry
31,0.07389593057039076,0.020277504825236735,9.223222814975514,-40.641501638461556,date
32,3.747824458408883,-0.050036107739689986,57.95823882566012,-51.22427290715373,date
33,-0.4164791822575145,0.048516111254573786,8.647033908165685,-81.37727282478777,banana
34,0.8712037241874138,-0.05279176373243136,-4.696856977485273,61.59794225754956,date
35,0.07972444536346898,-0.0001392651443348899,-9.626861401414677,112.89722927208916,cherry
36,4.554097080110166,0.09861363169607679,61.73687164074362,-11.394745765487507,apple
37,-0.7363425052448471,-0.05577713459894236,12.150020265197323,-84.0156476962528,apple
38,3.5681077545430986,0.0805678639242501,44.926997766675925,-82.44812156912396,cherry
39,3.4196300807388473,0.06774013686923024,50.38729793529711,65.0592787824701,banana
40,4.655062422951393,-0.09547918171308216,36.505109854720885,74.32541712034423,apple
41,0.10625372910973672,0.0973894128217401,-0.0774083313567743,54.3154268305195,date
42,0.20556364581390252,0.0698566345371505,10.452853852063864,-66.55097072886943,cherry
43,4.765366233092986,0.010192588737265744,44.02234804472414,23.216132306671977,cherry
44,5.057938301406606,-0.07623234580276522,38.29890829979266,11.668580914072821,date
45,4.37014857309661,-0.08592060185755701,59.99384549102796,21.868859672901294,date
46,0.13759124885126128,-0.053766257690302244,9.763538264443731,87.14287779481899,date
47,-0.5068434515920116,0.05425944632919601,5.481973906067051,22.359554877468227,banana
48,4.690696804432846,-0.0955625167401398,50.03271362455695,67.89135630718948,date
49,-0.7019589753238005,0.043751224861986994,10.964860817704272,6.757906948889146,cherry
50,4.325216555533271,-0.12417555288783927,40.42621875643665,28.911939868998417,cherry
51,3.932175351268259,-0.020406858443884898,59.175814985230005,63.12882258385404,date
52,0.46482968726236984,0.010964775457400863,7.3616091830074435,-145.71558198556664,apple
53,4.765511400757059,0.2445130145058917,32.47742541818863,-31.967121635730134,banana
54,-0.4485556801492715,-0.13773156555203675,10.068644666402339,-47.03726542927955,apple
55,-0.1876597901808837,0.14720145664901335,7.792342947070967,-63.88778482433419,banana
56,3.7940133181639837,0.014984241398728004,42.13463477411486,-27.514225122668375,banana
57,0.025062080355158833,0.041117191801596314,1.5853811411189982,149.4941311234396,date
58,3.678140774475343,0.011834791338820452,54.241719978852586,-86.58311156932432,date
59,1.1346818776560463,0.0444726818195233,-0.21357925634636177,96.82783545914808,banana
60,0.09995977805163528,-0.015368510436201775,0.04829181738746673,-168.28697716158047,banana
61,4.780519460821529,0.14540501814574583,46.96029284964241,-33.48850299857749,cherry
62,4.069014264836003,-0.04564711442247224,55.07853267233716,16.27530651050056,date
63,4.68396361058564,0.11322345721792478,34.59755214647414,58.622233135927814,date
64,4.894817202545958,-0.06443671202130229,41.54930142786866,71.12265797928549,apple
65,4.928261483744964,-0.006025184640128696,38.26389241294578,79.33472351999252,apple
66,3.740495387768755,-0.10719625522902193,58.71228530043018,-34.87250722484376,cherry
67,1.008217596521306,0.04550237203475199,4.340713269940203,-46.23517926645672,banana
68,0.5613148135647973,0.14451259569265337,-8.5908170362866,85.79758812571538,apple
69,0.4444589874073953,-0.007735617982085408,6.951812985241409,-19.13043248816149,apple
70,4.580331287410799,-0.019688569870390957,33.822268225128205,-127.56863233379218,banana
71,0.16743880386684784,-0.11146169630679269,1.9232663009971458,-113.32872140034806,banana
72,0.5718675848620343,-0.02292926535523081,-9.16648669143443,-91.94522860016113,cherry
73,3.6520004580568797,-0.15927942597215278,51.35950386095776,49.7160744053764,apple
74,0.3337097846390629,-0.09128779867188273,19.193768924691582,14.242573607056524,cherry
75,-0.5328045936155151,0.022678604610913543,12.392932819484763,69.04853540677682,cherry
76,-0.6054282113537552,0.13190131977413963,5.287343125943278,-42.725264633653424,banana
77,4.263985046755197,0.2809210861229503,41.32444721285932,15.853969107671423,apple
78,0.006209788712837422,-0.05865850850709007,10.83674722516394,62.559039396733674,cherry
79,3.6183330828780003,0.14353001566454401,53.828276026602744,-30.93465397202384,cherry
80,0.4089772872544645,0.02437524804016479,2.459329322027261,45.67752375574115,banana
81,0.19900804146855777,-0.015124764674637588,8.694411655861476,-66.19259410666513,banana
82,4.290660552845462,0.04325944517261522,48.20420736510418,-36.30538465650718,cherry
83,4.562668753029166,0.006191648367995919,37.409983329240966,-38.173789399832906,banana
84,0.3703016999166657,0.011039572561221853,1.1586658808079242,-119.58396455890397,banana
85,4.2957575484318715,-0.040833316282666926,31.18109020970064,48.69724807855818,banana
86,4.369254505994168,-0.13981096597988507,61.90697825047635,-46.940234020272385,banana
87,-0.5862191514458623,-0.15436252025220817,5.675362640328801,1.2494118727687429,cherry
88,3.451095490309971,0.0653244883281227,48.92865112901489,48.07466589059089,banana
89,3.7858738927831705,-0.02767000900857134,43.582906610663834,44.653117602994406,banana
90,4.835039158235241,-0.05960888996561667,41.61948844279978,66.53851089727863,cherry
91,0.8123215807527292,0.0008505626723153567,6.462680593857794,-9.848548450942362,banana
92,0.8385437187023016,0.07949322529156276,9.507408729754545,-42.32983120441538,apple
93,-0.4032802982462985,0.01803639430263982,11.33056233301701,-7.971821090639905,date
94,0.7585942376988782,-0.06560549366409674,6.430488118801238,-168.733443395803,apple
95,-0.3065581293895569,0.12262929556489498,8.617210929176196,-144.71124724230873,cherry
96,0.8279977067768081,0.1579185502981632,5.232291508176533,-132.26996123544023,banana
97,-0.09218504787721517,0.04945566553228534,16.05159444967775,-99.72468276014817,apple
98,4.7116126170198145,0.09736635113440902,31.939399269161544,39.97742267234366,apple
99,0.6125213931029283,0.12419599968138112,7.435440750692369,-90.54790553600608,date
100,1.227564070165224,0.11300993164045137,-0.0258848568908851,-37.81625540393897,banana
101,-0.6394355577035544,0.06140991771126236,14.609908116747652,129.92282977860654,banana
102,-0.11125047979067085,0.059834704707488286,13.626732993154004,-35.62639710614259,cherry
103,4.2596494369821984,0.05196605733465026,40.232918519497034,73.75155684670865,apple
104,4.575409933426573,-0.10973376745470437,30.223085487862296,-93.3617680009877,cherry
105,-0.636534813275896,0.07007231568595858,9.7388314830248,-20.543755786763,banana
106,4.706704419517678,-0.1355813971126554,47.727675328803315,-95.00220549105812,cherry
107,0.023716911483951275,-0.0794599455125055,10.308743081146378,-33.90330759005625,apple
108,4.768648281705403,0.13035650678080876,40.3739415693078,84.03081374573955,date
109,3.942921858254931,0.08402201626941976,49.71068872146675,-172.73204231923486,apple
110,3.9646912069163,0.14873982896858626,43.019474372729654,43.442364354585735,cherry
111,3.6665733062354637,-0.027167438368729226,42.64822036365694,23.77356023322779,cherry
112,-0.4408909184320164,-0.11522488412767676,6.8008593785207,-59.41499556967944,banana
113,0.4133299567104393,-0.024043719707034283,8.814208439073152,-144.60578543884546,apple
114,4.14846169690159,0.010203129724057422,58.10763329343358,7.212950771386952,banana
115,0.06268585211637623,0.00789887163400097,3.678469371051589,-52.94927090638024,date
116,3.43670927738932,0.11336804787567017,53.964771368310245,23.267621135470396,date
117,0.7951322141971326,-0.036127042500344556,4.680792310550604,2.185214552344288,date
118,0.4955275336722583,0.035203447180292426,-7.381248473754074,160.17788913209154,apple
119,3.988150384817994,-0.0988627149434606,59.372486901508665,-23.935562747302427,cherry
120,4.559042773707469,0.045031727804381305,34.16153320897634,-102.34974926218649,apple
121,4.936820550400143,0.00031085501856367454,34.48166125185626,17.927563495631617,cherry
122,0.23914948335573577,-0.07498133382845175,-10.031974659711127,21.999668397176517,banana
123,4.313511094781212,-0.023582936217485282,48.78376450810013,135.91875752404366,cherry
124,4.012159670951157,-0.018417574651522165,50.37577281114976,83.51112459145786,cherry
125,4.203460269083561,-0.02701551293370962,47.60670427012312,35.68710591495093,date
126,-0.4627530990743117,0.17713412422676836,17.330097867707337,146.33028912195618,banana
127,0.6571625840039871,-0.009844600230787964,-7.307380844439956,-118.8763054322851,banana
128,0.07882593005567295,-0.024389611017733775,7.196055730639836,-63.97515327497477,cherry
129,4.100822688641857,-0.2097450957610142,43.41929794145539,-92.65759414055249,apple
130,4.0374553697534905,-0.08942073519794774,51.702141481604585,-38.980980315576794,apple
131,4.805241165765334,-0.026307342445635287,46.480681815616116,-137.66861475563087,cherry
132,4.723506525717015,-0.06858526761766429,48.3531700371022,63.51509468144043,date
133,0.6670298586192092,0.1381707593377797,-7.339526154267101,-22.222269709877338,cherry
134,4.413020334691191,-0.016493777539621862,60.64138179534582,-147.08062945026577,date
135,4.032263965715693,0.12884442493182524,40.548147414139905,-101.55790812075416,apple
136,-0.17686670591382753,0.006170463405036803,2.8997805847821883,31.35138474501953,banana
137,1.089197684935574,0.0037227836421576638,-1.342331083200713,83.81265678943811,cherry
138,3.5484793833854265,-0.008879644771250096,53.48678140133592,199.67308916917864,banana
139,4.667195628836104,0.00037962516214591326,33.14089730641644,291.38624660073293,apple
140,3.5735840948125666,0.17187950030498594,54.57685817929668,41.44094332759964,apple
141,4.2058326159320885,-0.23196107267512184,58.21786517627929,-98.95381200318641,date
142,-0.29275552901821095,-0.2001545744438679,12.765033244527665,-213.20462807313092,cherry
143,3.4766283889647513,-0.05431708310561139,50.46233422196046,26.77114623438358,banana
144,0.8132637752363335,0.0014527881937568884,-2.444649162943298,-81.2941095310326,banana
145,-0.5869928258250334,0.06901044247640124,6.283185889205147,-41.535726017968535,apple
146,0.1287708243286648,0.04730871980274752,21.577875945961953,-61.209679905980806,date
147,-0.05900644573883654,-0.038424591288057024,2.01554216641253,-14.079088641638526,apple
148,-0.0437079061807405,0.10190436932417624,11.627113931053568,106.59802307876436,date
149,1.0331275982994177,0.1030195403152731,-5.4716419304677535,15.704856744534462,apple
150,0.8478646631525981,0.018405783127156555,-4.218082128050572,-15.86348370386883,banana
151,5.033145044050018,0.09626575724868414,44.13592645600494,-103.56537528258116,banana
152,4.222292608545682,0.027264526343212882,60.46020894763757,-167.4682944704357,date
153,4.558169333320929,-0.05614830267828837,39.29050019289918,-48.630790907333086,apple
154,0.6669782477307948,0.06978168390000047,-0.8289602124148099,-5.378255081832049,banana
155,4.376970109073413,0.011061312257867773,27.46401552600643,176.79299135798829,banana
156,-0.035049928752052636,0.0001339846754486929,-9.585596274388937,13.027452147288585,banana
157,4.2226998111002665,0.14729535721895745,39.372405772659135,98.27395110230576,apple
158,0.9240593716495992,-0.24508721285400867,-6.81832499183731,-49.92955985391521,date
159,0.5744507675164552,-0.14176841701595697,-7.658549579032883,-118.49437664170246,banana
160,3.920955679428098,-0.11870704263743702,49.43706633832405,-96.51167622323719,banana
161,3.547906407524263,-0.03632606475688056,58.12352299883153,-72.52260645357532,banana
162,3.8743635519523445,-0.025460816976603014,40.60449405267141,212.84697324351646,date
163,0.9691710311723643,-0.15073256477730476,3.807734108635852,-82.13866792243861,banana
164,4.768690581079621,-0.09851580323108264,35.37483488674204,83.8489203736345,banana
165,4.346100623904385,-0.08608416785235702,39.6589960210235,-90.29271780870263,banana
166,4.501099279093574,0.2457424092075892,31.086252496242675,93.15730128742442,banana
167,-0.43612867983570613,0.18017419477471466,15.820959485878678,38.495096610586316,apple
168,4.552268861692673,-0.04117494176846493,48.44258021862452,-15.66378976580904,cherry
169,0.7296398139543037,-0.03635832903067989,19.044827435887896,-4.076252613543403,apple
170,3.715447714071901,-0.11492039971882942,59.752222953341835,-65.47876954293905,apple
171,0.916353565261662,-0.1908130413225267,-0.6900389999378049,44.60722014820806,apple
172,4.7117706155976915,-0.011688018640852404,35.00728011961187,-45.498348034078,banana
173,-0.40902234428272194,-0.09978519832440258,9.255226068755357,-122.56057637672481,date
174,4.4870134686317,-0.008485053166200978,59.71378748955836,-127.79375743196194,cherry
175,3.931185291716248,-0.16002058490434776,33.162561299586656,17.25879177221195,date
176,0.4403454772847831,-0.07619744583102578,0.5421028831573479,157.9091256410435,banana
177,4.475063272217958,0.014862709530283087,29.646696984251612,15.999161357343825,date
178,4.2950748499198,0.03662095977839374,29.965045562744677,-11.863832610988256,apple
179,-0.5772382741086576,0.041747195874201455,7.165908943866236,28.58261396025429,cherry
180,0.8732014345920096,-0.13204889841570375,4.2634572151959995,130.6001741706825,date
181,0.3741441133959377,0.08546857301355618,19.43680479205633,21.938250136385633,cherry
182,3.56348093763484,-0.08002116966018503,50.02591398073491,-41.09272308337372,date
183,0.354024021911461,0.06328579146073064,8.654623839056676,110.62887100598888,banana
184,0.1853415083118014,-0.0010638676618193149,2.730106564315933,42.875643846161346,apple
185,0.4171146239252199,-0.1376387499077948,-8.834196085371444,153.5755991995992,date
186,4.270136071756489,-0.0316197704581188,29.853086735707688,18.323443722190614,apple
187,0.29896974025872897,0.03653637420637676,-9.509797537398127,-122.44690317205003,date
188,0.22561217302411024,0.06129653804745991,-10.318677236108789,-136.8159199245665,cherry
189,4.081141605963453,-0.014098789744441863,57.75394124083039,165.09279322312494,date
190,3.8276686969251346,0.1531778890601053,44.28372556723771,172.3665720783297,banana
191,4.726518402261719,0.1007510770986559,42.75471296128334,-17.951921328260063,date
192,-0.5249741709691951,-0.025665411639975284,4.745396817662604,-38.31873211359878,apple
193,0.2978147711939757,0.07501218121369446,11.331007142909865,146.14442922422023,banana
194,0.9476328858435649,0.1933793485188187,3.565556382919612,-110.7045682043488,apple
195,3.777150229845928,0.1960484600783027,45.270240853700265,-89.47270189558265,date
196,-0.5478383194132111,-0.12279998808224975,5.125481450582411,64.33267946890444,cherry
197,0.5541833075999962,-0.09265331111571506,19.09073072363108,-39.46051228595896,date
198,4.946073371395928,0.1484918786733851,33.969546519379286,-0.5121866720071296,date
199,0.5893373864607775,-0.10582810508376372,20.2924537892328,-16.344289852451258,banana
200,-0.5699449609697408,-0.1322541133291679,12.653832116324208,33.75745487989336,apple
201,4.145303178251572,-0.04861941306990469,49.22890284625736,140.74818613137168,date
202,-0.5603891221585175,0.042022670947458575,6.432257257080726,9.058490690174555,banana
203,3.753042285650046,-0.010239670661109639,44.526218196264225,64.3938793276858,apple
204,0.2754454418480673,-0.06505636204055922,-0.4125166340127784,-205.01721010310226,date
205,4.449759871800918,-0.0674212461724509,32.21309205467394,-4.871840193011795,date
206,4.359638273989667,-0.07123370644127087,61.24152182976181,-84.32302702928712,banana
207,0.19778024487419907,-0.08795096286589427,20.735692179284104,-121.88130604236281,date
208,0.17358529065193315,0.2281632877276062,12.321392034141079,-87.81523669287508,apple
209,-0.08935446596385138,0.029751107118555494,18.252228228219177,-33.412344070081204,apple
210,0.4360253700875961,0.08867590544047387,1.37150655721199,91.59025423560131,banana
211,4.7594301863662745,-0.048907746811892375,33.960189216084224,-132.6392717739564,cherry
212,0.09691500430792058,-0.018595667718604887,18.782838140212213,3.0631492594417447,apple
213,0.5963726446091072,-0.0713553981370355,21.785264008310573,-48.41694333335785,apple
214,0.10776465642111381,-0.2651708334919202,3.75955944548741,-32.767309436196086,cherry
215,4.426901379811651,-0.13780092768478663,45.431717980316826,100.27578253046042,date
216,3.517201190613526,-0.18106186799803947,49.678927389959554,53.811543700392605,cherry
217,5.015418534944186,-0.22497837779516075,37.181552370065305,133.73981074427437,date
218,3.7510692598220476,-0.11953589742981029,48.95031621715987,-15.450567924990047,date
219,0.7908625455585192,0.13249556793816308,18.182390755102684,-69.5942611670703,cherry
220,0.928341083919654,-0.004443616770435442,-4.5278367647659765,-22.385881688049952,cherry
221,0.9577016781030068,0.1290563762321174,4.1585852361799835,24.24967912712216,date
222,0.694756707734787,0.041098257690087535,-5.7548662301458,17.6573358453711,banana
223,4.121040510409643,0.07825588257151593,49.109227441733594,-108.43880722333665,apple
224,4.772827565199736,-0.09008969953045752,39.15757326212331,9.04897816278742,date
225,0.29239441176564995,0.05239509541926708,-12.380133176318303,22.822833013890513,banana
226,0.895796274215523,0.07287142340743459,4.227501749110192,251.74740375339204,date
227,4.700872847621029,-0.05766472922336929,36.390223335905404,187.68446112816702,banana
228,4.40910816301253,0.05595403706161664,30.908662526979988,-85.324335055882,date
229,3.8032188730541554,0.056618775857483296,40.63106943247887,-28.73833615491761,apple
230,0.7387874883480863,-0.05495526211300829,5.498935436308968,-146.3442001837003,cherry
231,0.8085780253554665,-0.11227684322709951,-5.700948129425773,-59.070701396348646,banana
232,3.6224506770277474,-0.11841283318982723,51.699671597532905,31.560500359034048,banana
233,0.48593403758907716,0.008650554192146179,8.51154665385652,120.58536208882336,banana
234,0.2747525131871316,0.032700986878931484,18.31129768534577,-72.90838377436086,date
235,0.6998937358511036,-0.07925258304579146,0.24516190741680946,-65.41464400677965,banana
236,-0.21374656353356242,0.0026585341326098642,1.91829054309461,-214.7289029738655,date
237,0.10834987542931546,0.05705370361384854,2.731305004363924,-16.266592054490765,banana
238,-0.6073511584261014,0.06181907146653009,7.120078669008714,-106.2414411859563,apple
239,3.7882808333237814,0.15518801201224885,43.83014436694943,-52.943942736607376,date
240,4.83091420246503,0.12769808321980433,45.17749791547469,-87.68607781675883,apple
241,0.39522996655180576,-0.10012914327565442,17.979555578095376,-9.426255425255698,banana
242,1.1751452423221012,0.16835862095380227,-3.1787095362010214,-175.77283913566313,date
243,0.07408099516763655,-0.05309765045557148,-10.009553713634016,-146.70452453909905,date
244,-0.312378778150802,0.10448728124544276,3.8617778791202455,212.9247112028298,date
245,3.4701023698721576,0.006798662605108885,55.19900319328076,-128.7422581274031,banana
246,4.291450752464563,-0.04121493784569676,42.79850444215598,-109.67855784546397,date
247,4.175542949854422,-0.1807696859774933,48.78372557699578,183.6913528321314,banana
248,0.09011499712617338,-0.01715645102163482,19.559963551022346,290.5067169240407,cherry
249,-0.11121947761375317,-0.15593832353056092,18.85214182035885,-117.15666288253416,cherry
250,3.992190493434385,0.09672992358427723,58.19430587986149,-36.82489567880305,apple
251,-0.22261795861804506,0.15167926571392482,7.451910857273748,34.15555509405095,banana
252,4.762842888300163,-0.07969109892966902,36.283708600347566,172.86976444055924,banana
253,4.895650499960357,0.030197074251927115,35.93711131815133,-98.68570784282375,banana
254,3.8209301839193817,-0.07253915220079754,28.636092996387053,-24.527784594210974,banana
255,3.5633421263130836,-0.06284847301367896,45.38011368192979,77.73375760617441,cherry
256,0.3359692621306749,0.07744947038653714,7.496891413316396,43.476607446661866,apple
257,0.5036390702008819,-0.0038538261843412513,7.982286421980106,-37.61560712300992,apple
258,0.8040739168932911,0.17396480419310117,2.824011095939766,-13.382296451604114,date
259,3.4372492707997417,-0.048223247870292106,50.921560596697816,-137.4895808369982,banana
260,0.4188107503508759,0.09993363324744892,18.300514288991103,-23.817374397466523,cherry
261,4.680752692117656,0.0097413412957782,48.1698814412136,-26.638749000895512,cherry
262,0.8405560320165959,0.07957780097442332,-8.388141213509227,23.216988962625596,cherry
263,-0.23984899366273318,-0.044715765732994676,3.7138184244824783,-55.5327218819016,banana
264,-0.27695285900795075,-0.004955883755158271,4.952387631193735,47.1538522545139,banana
265,4.713146691668221,-0.011549887929893476,47.17063099684136,101.27158178198286,date
266,-0.29775807319057174,-0.08360571148457872,15.70555426576018,15.542932766846604,date
267,4.131363118420182,0.06620815345817527,39.307726321385665,35.17564083992035,banana
268,3.666856973190192,0.06502490055783643,44.20497576407583,5.315534757786736,cherry
269,-0.7078455808741531,0.05935546949055667,7.492980305760415,0.008439309141418043,date
270,3.5834533368765364,0.15369656539176446,46.47707792575795,-72.15580335428474,apple
271,-0.20878995718054252,0.14493448012363036,14.026157365233532,31.6494261673308,date
272,-0.49203213260065753,-0.037494468984913536,5.075317883692771,-9.728659841348946,banana
273,-0.007625505183773057,0.03730523184341782,0.8929792972915983,209.3168308930595,date
274,3.8886706439717758,-0.06236006892582127,53.90700154889288,157.33549024752423,cherry
275,4.199551399326584,0.0023355316114555455,51.168370944970306,38.58465525565008,date
276,4.963212638862272,-0.05997494491188648,40.64449474061833,-76.30572096947675,apple
277,4.609317970421504,0.16200703091360513,47.79474925729636,-111.24114719834179,apple
278,4.685669313178618,0.03636981503429628,32.71840221789093,119.11429530888651,date
279,3.3975913182198516,-0.021802912810442214,44.01694644702924,26.27492251471385,cherry
280,4.7100347921422605,0.1193618571856377,32.13958463878846,48.01434033916108,cherry
281,3.771134131259828,-0.21706154097954117,58.71311551861489,-174.45859869741926,apple
282,-0.2934312884717759,-0.201410259486529,16.199691941489146,92.74384815581807,apple
283,-0.4030576237028599,0.0795838655219774,9.575024638792009,45.4420338214363,date
284,4.4661129152589645,0.006046844811736806,59.52390298113752,-111.0430684414478,banana
285,-0.14605731687310744,0.025044630026076067,15.516434332393548,-47.1524807449949,cherry
286,4.03013542586519,-0.13263961033185487,61.03564191937604,26.37172043565196,banana
287,4.142781413530582,-0.0023233710850366204,59.64401149422167,5.246679835624363,banana
288,4.281727498875718,0.2003509410401342,48.235733323199206,-29.2171185803555,apple
289,0.7478662844135128,0.08241996197958629,7.867394752086304,-10.348826806596085,date
290,-0.11000076129344522,0.016970654514281213,15.400504083717673,-25.197737820688538,date
291,4.620334967487283,-0.04390539101049377,32.86609401542458,15.256251210246857,apple
292,4.978681384973527,-0.03945728518693939,42.11477839619812,147.14919729931572,banana
293,0.5412129394030658,-0.21291978892000177,-10.747181374447166,-256.66584409312975,cherry
294,0.3171031075877684,0.02576404209211606,10.465811486700613,-23.685026450968426,banana
295,4.614892975457573,0.0845483108481854,31.558978307937092,17.651242137244697,cherry
296,0.2917940264941656,-0.15756193271706154,24.00870605421659,29.59939896870995,banana
297,-0.19709208473090242,-0.0661416892306816,20.200176503328258,-37.191458132128986,apple
298,-0.4332256591488577,-0.11574646322334221,8.46619998112959,-175.67217824785826,banana
299,3.6115581839570687,-0.09653511948087636,50.685746347116705,32.799548371410964,cherry
300,4.424963665393691,0.005348162682190022,31.75250143095073,172.7350214164185,apple
301,-0.5789327812862082,-0.20844021549884745,9.11872524566026,-153.38614049161376,date
302,-0.42488725976972047,0.0614270438357064,9.619610290870883,86.38280136981884,apple
303,4.926397233532885,0.07538550699336823,34.954888706256625,-32.85252231228939,apple
304,0.9466236253494061,-0.02511025880369125,-2.499950882955801,-6.13243458288473,cherry
305,0.6484702606348942,-0.24807085099845416,-8.701473457494105,-105.2898510703949,cherry
306,-0.010882658923827448,-0.09964186260023897,10.468462418389542,-33.44561723558767,banana
307,3.6220597477760945,0.12329019341026966,54.53616166175955,130.00445946989586,banana
308,3.973902454713442,-0.27779942807285724,50.28935995167687,58.2655241987707,apple
309,1.0079000085532448,-0.034752341219351925,5.091140688524391,173.2311605409944,cherry
310,4.205194939911162,-0.1180000778467259,29.435421759004583,117.74118889776936,banana
311,-0.045373821089498445,0.08045703015848366,-10.097326723639327,43.908667892957624,apple
312,0.24027968072602196,-0.06751139521434614,-9.76918525943858,174.3934526167792,banana
313,0.996857172568469,0.040395402073561154,1.3289760987139487,43.89931587382988,date
314,3.8459439828885755,0.05654604191690931,43.74944187994118,82.79881767970589,banana
315,0.045129159596621046,0.18362258397300202,17.899568109565205,-29.657095353470837,date
316,0.5737073139184495,-0.020294194367537023,-7.0492338485916335,6.654581585920482,banana
317,0.46834513154577556,0.03760443696226114,20.53654929304171,-69.74238233002768,apple
318,3.385766967972036,-0.1485055479127436,45.030829734856745,98.95839345948531,banana
319,3.5882837829361782,0.1190413563293744,58.39139075883654,-117.83036231148655,banana
320,4.0423342408912735,-0.07605088480713647,50.989668288884154,78.23503424176613,apple
321,4.686254996861563,-0.05607541640877456,47.59910167450219,-19.065105750515947,cherry
322,3.667896458344658,-0.002224779484921074,53.23407931197384,117.12470934673193,banana
323,-0.22193874897454346,-0.15628843453398497,17.790776308856913,75.08689887312599,cherry
324,0.41770010377518013,0.0228770028928938,-8.38716421853425,182.06461576468016,banana
325,-0.49400969524995875,0.09674662729250108,9.175652767224925,73.07746911386448,banana
326,3.7657073641600647,0.02929338234972916,43.790324412717624,-157.20402556532406,banana
327,4.468028769598735,-0.1588897564178725,39.210781549709125,-6.695317289820084,apple
328,4.999734565277059,-0.012380929432965959,41.08338566786533,-117.20071925948159,cherry
329,-0.2260088767269532,0.07420289029794906,15.987449590255205,-51.827984236627465,apple
330,3.77965097081083,-0.18779887659659078,55.201929012058535,151.12284332767217,cherry
331,4.173166511069757,-0.1074766013817714,60.55238750304346,63.753381089769604,date
332,1.1705777311557581,0.087654360408152,-2.2598383418462187,-69.89304285787463,date
333,0.8928672792128776,0.027009543419728655,-6.191898397721223,-101.37173664403988,banana
334,3.856521419752937,0.04119715821267539,51.94921640719764,3.2782092876260793,banana
335,4.30678017255405,0.18594948076233117,29.60506078030036,-121.65601493811278,date
336,-0.16496682893240783,0.04685527785062026,9.325491342856349,-67.11402773965811,banana
337,0.06608628684636911,0.06578880104331794,7.674858846399564,31.200947155124386,banana
338,0.31805744825062987,0.2710745527218326,2.5278275793111806,115.53120361066962,date
339,-0.18214447994549193,-0.02138045580904907,17.10231030860249,60.876147222443976,date
340,0.08190155609474091,-0.07978827636184951,-9.119225622199314,-229.12895085981,date
341,0.5497230171468146,0.04277963982471328,-0.43060361996696944,30.43667290302598,apple
342,3.3771064117414493,0.04389910293888949,46.892137362202355,7.203357323257792,date
343,4.814673900414389,-0.05267153919462082,31.435964938573605,41.389028537269304,apple
344,0.6536650477286086,-0.10323970195548476,-7.76462811037519,161.62096816512073,cherry
345,3.7088145036872606,0.23098444220900782,57.911032936150875,-206.32382768047427,date
346,0.7686320406039527,0.03268434703880229,3.055569799545964,-59.11034251911056,cherry
347,5.1329714921129534,-0.07322853814020756,40.39189226999242,59.090632279335466,date
348,3.7044524500223357,0.09159303022795987,54.06404130879275,-158.15943994539424,banana
349,4.4981373956363235,-0.010914515156133451,40.91894630812544,147.5949048053509,banana
350,3.7649508186164535,-0.025288144631783128,56.56983077970228,36.83566127006584,banana
351,0.9153311975038301,0.05622728719144933,5.541353819683619,84.6583985843404,banana
352,0.023860296765028873,-0.129188226823169,16.613337607573897,-57.094366152179454,cherry
353,0.7654419725911594,0.03526272039171724,-10.670909717657418,81.37636899662105,banana
354,3.974177292828012,0.19129548077317524,44.59192285822734,106.84715559890383,cherry
355,0.9543527891308589,0.04661776621973108,-5.2843528819168775,23.287802013716835,banana
356,4.351300744941845,-0.037621210378346454,39.07021912114738,23.440089269869592,banana
357,-0.2056832166990583,-0.0507105280428242,3.905990345039542,27.034323928172586,apple
358,4.309505541908203,-0.041033997334510935,50.192931579164096,-86.33452647393817,cherry
359,0.3341491415708122,-0.025396267804778105,13.087768641610902,-14.752868024035292,date
360,0.08562030804705058,-0.0377806532758272,3.04985064475419,-15.252253245235881,date
361,3.5581399719995273,0.09163114410745668,46.87690804112311,38.33938643534951,banana
362,3.7427008585923063,-0.17332091032089833,52.51902439028459,99.98242469102946,banana
363,-0.08446295756551522,0.0862000050412134,0.507628974350009,-105.85360819784093,cherry
364,-0.020375279335970164,-0.037968652514256115,-9.7108902183706,-12.500903031957764,cherry
365,0.31887999721134574,0.03769477856953723,11.27690448225255,148.14555476589732,apple
366,3.426780500994257,-0.11269879102008638,50.060206426492826,-74.35882288125642,cherry
367,0.7917935967427766,0.1328631066849436,21.970310125738038,-82.22500172903203,apple
368,-0.28623245567448596,0.1245634960171873,0.44132507236245677,20.23061918311936,apple
369,4.327180552732486,0.09595905257500736,31.337424384753607,84.43851904853202,cherry
370,0.5267482758886934,-0.15147547757935395,8.027523949665715,1.1426055560659332,apple
371,4.8874739866072545,0.08291210710660529,45.51214681255837,132.89605904369893,banana
372,0.1847219106877367,0.04048550876357089,2.146949886695277,85.67939825665269,cherry
373,3.7462901910237028,-0.16052712471325678,56.85510835581702,84.18200668900619,cherry
374,4.803854656188409,-0.002429738377081549,38.929159416579495,55.41165013240933,banana
375,4.073760150431341,0.036453448903326253,56.98657609841842,232.7653100346085,apple
376,-0.25467820112759465,0.055607527382315086,2.2468137913168804,-20.51616888660442,date
377,0.5912140038618958,0.017726136694885573,-8.199616775003992,-200.3522292066514,date
378,-0.3968448231322301,0.02912314168473797,13.981065622339194,160.4254361517141,date
379,0.9974121597064556,0.14736113922530955,7.854163578974708,-45.769943095682564,cherry
380,0.6074301383288424,0.12260339099106798,-6.73170822839559,10.788044434303304,banana
381,4.383438091369403,-0.28670549537827433,50.47026708657626,130.95506848605268,date
382,-0.5018455108333618,-0.0317438554837682,14.700175166711995,-160.22595410589253,banana
383,4.2880033567256035,-0.01646510275439513,38.68161550562961,-125.16472141061395,apple
384,4.35018160586679,-0.1752098572726971,31.483123351594422,-160.12779371188537,date
385,0.8765900778422506,0.009418305823231218,-3.9985864618561022,-79.41362900254238,banana
386,-0.4201662691932848,0.12487577724105066,4.979960160615031,43.96366060169935,date
387,-0.5798282005325166,-0.10865678595905903,12.815156821978961,52.4187842812771,banana
388,0.18486963074832483,0.03364009386898723,17.84818450558648,27.627417932855376,date
389,0.9705324461701703,-0.09158234772964378,4.461860951711229,-141.27658838923665,cherry
390,4.811968470629337,-0.06719120236796769,47.5289804862153,-231.0103436632644,banana
391,3.4776249076079337,0.14773936341700353,50.11752881973645,5.435358539038226,banana
392,4.724184409514919,-0.0542557820111825,33.672156607132266,-47.177603363833576,date
393,3.7638684843292167,0.04622124890106247,57.48217618151976,45.93857717166118,apple
394,3.8480195557797114,-0.18712181160609873,42.681332247700546,70.195362622127,banana
395,1.022467854801883,0.18623175613948803,2.246177110586123,13.824143205868191,banana
396,3.8949773415160722,0.060265244630649896,58.422075339379816,76.01330853758537,cherry
397,3.595301336265842,-0.018249984265026168,51.94900111112975,22.92113741150684,banana
398,5.050804883479923,0.05755465099998948,40.551082483511635,53.00647056014667,cherry
399,0.8582156716404213,-0.14098194289478103,1.2371303662173698,-70.46732628698824,banana
400,0.5392393049835067,0.11825307417526572,7.116237516196801,-17.961141383145854,apple
401,4.718804384988427,-0.03239847754964302,44.99594105699235,19.677609665695726,apple
402,-0.5369879812789974,-0.020406951504843472,13.561340668894566,82.05284754174188,cherry
403,3.898640514197066,-0.049165561496548445,57.753914443581884,-39.37411722245721,banana
404,0.12101985528679349,-0.058065140274558474,1.8572259421015238,52.11672557321126,banana
405,-0.5944272628578399,0.06946706116284086,15.966616913139845,-26.5838791915379,cherry
406,0.9070316320848285,0.02559068501042229,3.813791213636626,-11.754216732813036,banana
407,5.126877390207923,0.065174814140304,45.30518160213552,82.9519042024073,banana
408,0.03915620229209921,-0.0008794689485571453,-9.991331534747731,-199.30603710541558,apple
409,3.8724219337690475,0.051319981107718106,57.15335270946322,-129.6472328074761,banana
410,3.9692990650346087,-0.04188487439250384,43.80053319973789,-148.21853974428208,cherry
411,1.1603922638817885,0.22297318414095485,2.8261574991635516,-233.36161198483046,cherry
412,4.913523064894809,-0.15679304164304986,37.4306792551232,-67.82644401551767,date
413,3.741222527124534,0.12609373235629845,42.52099837659435,74.94338997277404,date
414,4.196440058613546,0.13679074507209707,39.99203326647987,-28.488406638257473,apple
415,0.5157616312459469,-0.08521588059655938,-8.323908809285395,19.779008194185213,banana
416,3.3818368570773956,0.22292736105559735,48.23046389572202,108.92174967107925,banana
417,3.5876155175150894,0.09954902829453183,53.76038603115914,132.76861322676916,cherry
418,-0.413636118606248,0.09711390068229116,6.4148701324589394,-6.913793472613955,banana
419,0.03350202672431859,0.002802218702587669,-11.872672660019813,135.35858895693974,date
420,4.520267208044405,-0.021722615821867644,30.32831153394291,9.212665843410921,banana
421,3.8387415794382584,-0.020940882703960814,48.780858867067884,-83.73982238274621,cherry
422,-0.06133696796157055,0.03905305963195172,-0.858910176333848,-59.44003521987352,apple
423,0.8488642157270776,0.14011862750338963,1.734112573134285,-148.05365125650164,date
424,0.9990340137423495,0.018131421786141962,-4.41059546781145,-88.81338537336524,date
425,4.399559726762969,-0.09114436231372904,34.09830286235022,-35.801668807442915,date
426,0.9780859258294526,0.08244270623849798,-2.787692914800093,80.35850193786015,banana
427,-0.5094486351204405,0.09211507463947922,11.633612919273027,172.07698311659837,apple
428,4.4373840482874485,0.06546595284477862,39.2112243161563,-138.21815153770402,cherry
429,3.500507976771786,0.07454989065249827,47.21285354469073,39.28274682599189,banana
430,3.258220169003544,-0.02709281301578081,55.828504734213396,-104.05439391575344,date
431,0.616876125334034,-0.09289891671305796,-3.8398271282939205,47.469708846320195,cherry
432,1.1923284426602618,-0.08681934306407799,6.174898681817703,-13.108665068772659,cherry
433,3.761570551350303,-0.1635463248457858,58.37062769403579,-183.09058258475304,date
434,0.12742625404450847,0.023694861154594977,-11.430910075351342,92.82969915684843,date
435,3.762724751917536,-0.008344878322659363,44.2658226971728,-60.5000712808731,banana
436,0.0740070483932432,-0.043998770452970876,21.213123678903152,-53.39002383735546,apple
437,-0.22506080837466635,-0.295561882434507,15.108063861870509,-106.97524112896899,apple
438,0.6132717923030437,-0.1247317469694169,2.9246675949769942,-65.42832766875554,banana
439,4.457243102846776,0.11208406514031669,49.5920187953356,42.78904406949172,cherry
440,5.0243712450114835,-0.0664626000063131,41.1356218040105,-18.924434093640553,apple
441,-0.21797500065016265,0.036059167765684144,14.249535463773693,32.866200228248104,apple
442,3.8253329714269357,-0.13906854299752563,44.398477062566414,36.19218539288437,cherry
443,-0.6272729029423946,0.14387054823592313,10.817540935288868,132.0661655528167,date
444,4.224370705776236,-0.014402766005467641,30.505510087053032,-34.27861508643793,apple
445,4.365948314338247,0.02900403964835352,49.28552259762885,-147.6857816845732,cherry
446,4.502585989133138,0.2325779791881685,49.06521777618913,106.7222416571983,apple
447,0.0485675301135942,0.15164401005894038,17.2116242914096,-33.148817209725465,cherry
448,3.785947883587993,-0.03065656212870578,41.98149896082232,111.4592444577377,date
449,0.41131797148394134,-0.05932201848703592,-8.969441098088517,38.337711318247045,date
450,4.113934940871417,-0.03255450115195318,51.22405748940467,-13.113753020334492,cherry
451,3.5820262476680167,0.05098982484765357,47.90318209696203,34.87758940462951,cherry
452,4.133209076521599,-0.010522413425087113,50.28847057193852,195.10125601262996,date
453,3.3294608470984173,-0.03952441450034717,51.28378188442635,207.6980529053753,cherry
454,1.0902865815365161,0.14671812507090423,3.4101116150553965,6.93811351327787,banana
455,3.9109814525004585,-0.01142098917778369,40.331357961542835,16.01905933170753,date
456,4.037095334082761,0.22995890930373195,41.86729946665608,107.62401574663856,cherry
457,4.334945568614621,0.009074256375217303,43.03453889016693,-84.56610327673472,date
458,0.10061630625418533,0.17853183942247275,10.916782908773008,33.30703726182551,cherry
459,-0.03268700847730295,0.03573194227106268,19.07751618271364,-2.58628479538564,date
460,-0.3875163479863715,0.09629605732494478,7.181995413330671,31.39082114575536,apple
461,4.195777374711606,-0.07246110515177244,32.08967685433423,-83.33688059494058,apple
462,4.663834324974213,-0.08537592225874119,33.888609957323894,-158.95674933089688,apple
463,4.647318269687326,0.045970595501498755,48.90195306183776,-207.29834359912917,cherry
464,0.6687180467315943,0.09885532424653153,-1.9774469436148352,-111.73841129896078,cherry
465,0.4280108356409991,0.004025650200046286,-11.26938870873029,-45.8675284939333,apple
466,4.809833115374164,-0.12863933350836973,37.92078076687283,-29.319158664876184,apple
467,4.3952500348461685,-0.13602583662893272,47.59408634731463,193.72311624295168,date
468,-0.14036238046048133,-0.14271364021862412,5.260801319009916,110.59933699072981,date
469,4.765527774181266,-0.1767622112939381,32.39808380628044,-96.20911163416272,cherry
470,4.976311399149456,0.010948535944708751,33.80157799834333,34.77084524509569,banana
471,-0.7624804589976443,0.11250439217080253,4.806050105730907,-40.70782363503251,banana
472,-0.2257688281318472,-0.0013415786924808768,14.179884866790303,-28.436383804009512,apple
473,3.5351779464849864,-0.22604147573378525,43.512566778902126,18.5325649415382,apple
474,0.8390441732050647,-0.019076046033454874,7.687343730970412,61.917111697539326,date
475,0.3700911850067537,-0.01627989966326071,7.550938043970888,-33.92584838840153,banana
476,4.987821437040516,0.20959987502254396,43.28212265824597,106.38515327343585,cherry
477,4.204186465158944,-0.14571379129195564,40.60609790687724,-114.1938226142404,cherry
478,4.358404279608679,-0.03906776025991957,41.8888084547627,0.6339062362268442,banana
479,4.127499274441181,0.17058526805445642,43.91322043614796,259.7673726595832,apple
480,3.891861747328026,0.04499783413465481,29.997585779633713,22.307974262527512,cherry
481,4.9673355618469515,0.05633130735164247,42.38605094829174,143.32145066061727,apple
482,0.46375377315346467,0.011458443702387822,20.277649090863804,9.152017817320818,banana
483,3.8308655640599083,0.03299435386572646,58.107935682504994,58.07770953297967,date
484,5.050378682180295,0.0777609530278536,42.36691705213681,-5.678319439269154,cherry
485,0.26894340076285356,-0.08094863188927665,-7.917046535304543,-17.04075811642044,date
486,0.8813375673879421,0.08780585789081999,-4.742167124712909,-77.94823967254196,apple
487,3.425529445670071,-0.13730030168855392,53.43079165458887,43.03013589575532,apple
488,-0.4134050260866166,0.032836797283153814,15.577517149557757,-85.1537189185768,banana
489,3.8108039570613244,0.017874096328632717,53.14531225594048,66.55852363134291,banana
490,3.813554001731385,-0.0616293088192108,52.6508216407398,108.528700444591,apple
491,0.36255656995075464,-0.0022685275325646736,20.550166763646303,36.65314072372299,date
492,-0.7859256185184003,-0.06225401526655531,8.348303362311984,-28.624873355569186,apple
493,-0.11034430294181102,-0.10717013268617444,16.10769988351641,45.396557930869605,cherry
494,5.132133873106006,-0.03536147416136444,35.88315268168546,-30.867305554641263,cherry
495,0.3485262229899113,-0.11039886353716616,-6.132450020900927,93.55471254651493,cherry
496,-0.24497908844990085,0.032279746409324815,17.090297298664815,-183.14060842151235,apple
497,0.36193061487176725,-0.11500854941523636,1.1164032709829315,-33.56073681186462,banana
498,0.7812404130080219,0.07119770229910515,-0.4407652741654723,-199.08119951239976,cherry
499,-0.06429258936978643,-0.11814790679288201,1.3207379997256745,-149.5060830227205,banana
500,0.9117151665145665,-0.05662949155810063,5.17865294739933,136.38622298139094,cherry
501,4.090999748833561,-0.062460340821517905,59.44198407203699,89.5184981971686,apple
502,4.2810530727450145,0.1325146728874839,50.68668182181315,-71.94802332847904,apple
503,0.29321948677831666,0.03302899456165919,10.0392293003687,-150.2503456040897,cherry
504,0.5643239945346249,-0.021173380254439426,-11.009176481915697,-296.4528837841651,cherry
505,-0.0816881199728231,0.049871944106972335,17.67992528624173,-54.349550793263454,apple
506,3.907772695704566,-0.21071923473296883,41.16615913239811,242.04150122474024,date
507,-0.1940578695920442,-0.0043133589640907445,9.653750088617452,43.48842714636474,apple
508,-0.5878440208148656,0.19975141778047628,8.93932685435993,-55.95722860494895,date
509,0.18248596060649758,0.013234650640267256,0.9094068815951201,46.50802095003063,cherry
510,4.272860288770438,0.00679131691693355,47.636901786911174,-156.09583529944427,date
511,0.2407502757912234,0.05481283796421961,-10.244278171493487,-29.732336269763543,date
512,3.721318260515109,0.08956052433143456,46.66672939683628,9.947747301573848,banana
513,0.7332669411822126,-0.199746669288986,-6.846476750020681,-8.61006518210485,date
514,4.431169788986486,-0.1682326481791027,35.176250669565235,79.08061216900806,apple
515,0.34823697053732505,0.021029129108614656,-9.860435114072722,34.464522623605234,banana
516,3.5994573394370852,-0.07148765618975098,44.320058941968334,66.8326018107997,apple
517,-0.43293764627760867,0.13120252622199144,7.719330976893976,-68.83722822307594,banana
518,4.0628538694446155,-0.03151743898852239,28.117734531360266,89.7815408410548,date
519,-0.3984662278582727,-0.1934530735713118,11.337566094120024,162.89369476239915,banana
520,-0.747998943372601,-0.12680139168439972,10.37660778051755,-97.01495196514126,apple
521,3.940797343577296,-0.27496760196305753,60.255003907366614,-88.76956557145597,banana
522,4.483755042488563,-0.023412553728291256,50.16699311202983,133.5784336320233,date
523,4.748944528706046,-0.01883841272643834,35.45708044100368,-19.134398669506027,cherry
524,-0.3550723905530191,-0.04244627097818978,9.748333667301873,140.3821392066557,cherry
525,4.219324075997851,0.10788790390297387,39.41640416476883,-44.25357118921839,banana
526,4.302228302299186,0.11985198365166937,62.07273212515454,145.50455762707114,banana
527,-0.4032740349408917,-0.01703884233561112,9.914616114840364,13.148581680545218,cherry
528,4.869475773169117,-0.2134693667476856,44.5105214471582,25.82288233226952,cherry
529,0.5181989851168259,0.06172815804922585,-8.270953538954894,156.47180216699044,date
530,4.610153248929189,0.05553602285085755,46.532348062838594,-36.17704774441712,cherry
531,4.1133082619231915,0.030939157015694503,59.931332309195405,-94.11220959249583,date
532,0.7162064277897298,0.09814797493081158,3.889519360872601,-44.85642080283544,date
533,0.5848101775939311,-0.11648280964610401,2.945194013075497,45.23339506431387,apple
534,3.6729404448746945,0.2008755386185139,46.16841136385758,-156.57590721805144,banana
535,3.583728354555433,-0.09594277531418681,45.27166215720948,63.74709026511215,banana
536,-0.1566287702935544,0.07492229272008546,15.585001130603082,-53.87713176177432,apple
537,4.985056863229094,-0.16873476944133517,38.34304408767735,114.78126607335635,apple
538,0.8466186299753281,-0.0930264687270051,-4.315538759784271,-239.42603049004717,date
539,-0.4259210144773307,0.15163686467253362,15.134809465250868,-78.65657751041687,banana
540,-0.5093299673399091,-0.026089982300084993,14.577334505474829,-168.6468151234102,apple
541,0.2257351884919478,0.08399226051327979,17.078108224432157,-82.62294663639526,banana
542,0.757361061954981,0.02369553887192461,11.022682316384715,24.766590110894313,banana
543,3.4892818594140795,-0.010495815600017269,47.909217245587676,-17.92266254497549,apple
544,4.510929060696689,0.13638503249326897,32.95031225617216,-25.337756894801494,apple
545,0.3068854679509341,-0.023665882465190035,17.387292486615987,-15.91848713800608,date
546,3.547340040211435,-0.17807381075634707,51.44957977875394,20.338824061994345,date
547,5.253125886185529,-0.08032400919517052,39.419208004517046,-100.85360419431078,banana
548,0.2395507155758891,0.055119172870169424,-0.1644431429872354,70.68496408990508,cherry
549,-0.08314526365448532,0.03955091063625082,20.751598741092778,66.2665970385484,date
550,-0.3167007253466211,-0.15670582502354383,9.167444284622341,38.5037937656101,date
551,3.6018074590199647,-0.07243425194082011,56.55235881173857,55.653344275126315,apple
552,3.876869102692423,-0.05817213492022466,29.91574678197207,29.64180008086595,date
553,3.442568804465148,-0.036546959411422504,45.54273365359131,203.50733027310673,apple
554,4.169521621825627,-0.13759135886015514,39.56047142638212,-8.70941710525099,apple
555,4.2207743254138474,-0.06283711081194786,39.92723674958995,-30.708321833457674,banana
556,0.43686299469779283,-0.07286104852595275,-7.8228988562097515,-75.35275803573779,cherry
557,5.1678833741882135,0.07715332597619194,39.841194606972415,-103.22626705778369,apple
558,5.0627700472881685,0.08091213109902438,39.353856527885355,-124.44717876010753,banana
559,3.8798770578460418,-0.0145810458088816,57.46320779379186,-88.87973132309185,banana
560,5.049454863057061,-0.039203979587073154,36.62051821242518,-7.068038165207131,banana
561,0.6479370986020542,0.01399243120391134,-11.74712854608411,33.42951284977145,date
562,0.2849899382938985,-0.0816575107455575,2.6193471039430527,5.114205855216179,banana
563,4.227198882241509,-0.1146832082167441,29.177506973471242,-76.5535277429713,apple
564,0.5373972240361248,-0.0940221208925717,7.754421498564463,90.01845640199633,apple
565,0.8010562212058149,-0.06348131639714567,6.378554018627539,73.94126723009475,apple
566,4.7349536134879315,-0.11634737997922712,46.05429207839311,-15.9648307422017,apple
567,4.997629577458127,0.016205955906287477,38.90924230821145,-65.2916144664712,cherry
568,0.5520593702878378,0.07297156737837084,-0.3500467116808756,54.842792082979955,banana
569,0.6111400291121113,-0.1587098300798242,8.458606877209874,18.797358748610446,banana
570,-0.6487261019993744,0.002512871121603335,13.696546984050626,-144.81272594150477,date
571,-0.09263999333152567,-0.02199357952663356,0.4118770645668382,-6.798025598440489,cherry
572,0.7184507956643083,0.03415086855368029,1.549025653792663,26.203581207438102,apple
573,4.915386110784694,-0.0012938768103588063,36.70485742240066,-89.96947864877538,banana
574,3.7035895456741765,-0.14535992799316308,58.23504623859131,18.9843392837443,banana
575,-0.3491212587357474,-0.12623892988571656,7.828050319011954,-145.4822485257789,date
576,4.184533451434536,0.0029423575584972723,49.3173407401283,133.6186100012171,banana
577,0.5112383397443631,0.10287809197455094,9.309843798727874,124.79499850594318,apple
578,-0.6772817382367837,-0.2214187371043003,8.448015928435096,-25.251733430296476,cherry
579,4.268121969794081,0.034572657980157996,40.95790753838388,36.34543378390732,banana
580,-0.6128651822395109,0.11896220052876433,7.087081875666153,-240.9921965799875,apple
581,-0.5330696638377385,-0.01530258762062131,6.8237971301780975,-115.63476602653328,cherry
582,1.3111582804392434,0.05502024960264408,0.8663647671221153,-29.377892015212982,apple
583,4.717548063343419,-0.07030690808978023,38.062709012889336,-107.21330214268592,date
584,4.937343447836732,-0.011936619927687683,44.183911586340514,71.43964826306588,date
585,-0.3279301364747868,-0.16209135183081516,4.1467277018856095,199.7296530747994,banana
586,4.692212361070428,-0.2344343308418874,48.1557561073133,-117.66147194293019,cherry
587,4.072592108658769,0.09427658012252753,29.515948969004047,-83.74634040851927,cherry
588,0.9519482753309834,-0.09849949277244419,5.968163595689946,23.54483683099303,cherry
589,1.0079038803108926,-0.04555278450034306,-0.025028983789981696,161.11161484996208,apple
590,3.503623187164664,-0.13864422532701934,52.53310018828405,-122.23743125399031,banana
591,0.3439652769455239,-0.1409969703083876,-9.594756981514287,24.903612230694197,apple
592,3.700949039607592,-0.017383770009461636,46.160977133054374,182.12988508131087,cherry
593,-0.26927526534952334,-0.07295771941356465,14.076431814760014,-165.17591481792672,apple
594,4.059957807769391,0.03779709979946985,30.213072780449064,-128.1069206845832,cherry
595,3.6944849443372023,0.045253841897959196,45.589779187793795,-42.36066064608382,cherry
596,3.766475404758329,0.032084964632460716,57.12851444738945,-52.0588412855411,date
597,-0.20597159279420177,0.02386007909284437,2.4370569523501846,81.26012877536446,banana
598,4.087052861035148,0.15777682049318864,58.884719209009255,24.165971982083807,apple
599,-0.61059037602532,-0.10675937690448861,11.315385284557703,-177.49620596421283,cherry
600,4.414489406387307,-0.005493486620291775,59.63410684229076,51.541040290081085,apple
601,4.360039071506111,0.11326898205195889,29.302768766006007,-57.75388873556505,apple
602,0.9086166380299129,0.12645398093380364,4.315143090604967,127.44472169412391,date
603,-0.001611620640878171,-0.1421763649344573,2.5097624426988685,-62.75875364369197,date
604,0.7526016992056009,-0.031235544165586993,-7.858299114864192,-63.66152831022357,cherry
605,5.196700765137973,0.13581210958672604,37.70078844999701,54.11316108045314,date
606,0.5828327627503879,0.05080791051990653,7.761270361130706,76.29264823369365,apple
607,4.756084523128334,0.019526303147977278,32.20561180783488,44.80993639362036,apple
608,4.519334515192847,-0.021768469343465675,31.714084424515164,-168.55973173848082,banana
609,4.504620947382134,-0.03838009257077454,30.32038911142035,53.80344399282511,apple
610,-0.3330214319078151,0.02882190630903242,19.0058029023127,-103.4308051674399,date
611,4.822062329843821,-0.02523741249844834,47.81239335807048,23.52761115882635,apple
612,4.483568362829146,-0.004257862104444419,31.65769798505724,-142.37344353990602,cherry
613,0.3346672985453909,0.007859870611503738,-8.567967647627844,44.63221475430637,date
614,0.06117328093900559,-0.06780715284934992,15.959019716055941,-80.65989043073726,cherry
615,5.092364862255001,0.05321293738814384,40.51141914477425,-128.26346502605216,apple
616,3.8274391471777984,0.291424464841542,45.96262526251556,71.38201364823995,banana
617,4.246872982722007,-0.17769866393260753,48.54023887761166,24.16445216767513,cherry
618,3.5033408079762696,0.03240125241899799,57.65580419207608,-61.39768013928971,date
619,3.6805070315341033,-0.07601900886189056,56.6313876863774,145.11788490210643,banana
620,4.324712282905532,0.057740257751925,38.68022992027949,-44.06524215697424,banana
621,0.7864410820642118,0.004655747332786092,-0.4929575925856633,3.2107673970934663,date
622,-0.4384497688857902,0.07618547740424636,6.747551732070669,26.891344767860094,date
623,4.598355014645024,0.11755065765087797,30.20592590443682,-61.96659341286136,banana
624,5.171928971807386,0.019242111776818133,45.555182028134396,47.11362933999293,apple
625,-0.051314322988986416,0.11320522884141782,-10.965511422576169,-53.34523471647245,cherry
626,3.568459088262222,-0.23442978937886774,41.34312634144845,-41.16383222162092,date
627,0.4894359602482036,0.15904522979160232,5.300657845504201,136.2642639803341,date
628,-0.47711490730836953,0.03750621518923401,7.020562981478749,-104.0586052512433,banana
629,3.4761280687282903,0.10778433557451819,53.70351017365083,-241.27803309294902,apple
630,1.0419802135174283,-0.12198757448415216,0.8339199313976986,161.09369950118943,cherry
631,4.562570099736094,-0.08307698816053358,47.85698780997465,254.9327952607003,date
632,0.4953901370628816,0.014593829414477413,9.65041127208849,-40.52692654493318,date
633,0.7950614454162785,-0.0017037889337463018,-5.636785694108211,-193.68380406201854,apple
634,4.434576408613865,0.02830685880099896,29.27880239406143,-31.048397619594375,banana
635,-0.6935903079161003,0.10845151609299662,13.411322400442582,-28.62229498406692,banana
636,4.991834752413558,-0.17652203153028492,38.07147677467816,-18.992384102225703,apple
637,5.092898152602503,0.09738190717173091,38.52225658394359,-111.33880419218482,date
638,-0.12359730456177989,0.0008281909957927018,3.2149571575506646,57.95611424764774,apple
639,-0.04635870801218172,-0.020378186112454774,20.4215713289275,52.45073752860861,cherry
640,4.032145324486352,-0.14711152343848904,27.48827081308642,-149.44056198193064,date
641,4.265046351781521,0.05030486683768651,60.10521504793721,69.91967316948879,cherry
642,4.129533546105296,-0.24141078510310374,29.197202894991577,205.26849819458909,date
643,-0.34164179350647583,0.06483940112387127,17.050197290745437,17.196033243705987,banana
644,4.716853030726093,-0.14921058354729919,37.78225221024029,-33.732516206850605,date
645,0.12394227008853442,0.005345791261747404,-11.001390631964707,-14.20032144075213,banana
646,-0.15740250136102935,-0.011916883732792044,16.22866475964225,61.525676696856124,apple
647,4.1952826825204665,0.11695381472938837,30.220477667990394,-173.0671605507218,banana
648,-0.3418147361738127,-0.017865516901389017,11.302476233844379,16.439070297730225,banana
649,0.24147439793711656,-0.06941385611456656,10.614927037753679,-39.04639494628101,cherry
650,4.304151269868832,-0.050660269597120305,29.891714538652252,184.78250129560453,banana
651,1.1637554802222625,0.12728827687546637,-2.086546011365756,-17.417273380495786,banana
652,5.0257506496306705,0.053629696918089366,45.41416641471805,166.78876111195197,banana
653,5.015540029300418,-0.03856299815231613,38.6529454932409,-110.37406977820072,banana
654,5.071989453943289,-0.023644641996451346,37.465215101199206,58.72591668027922,cherry
655,-0.3397377140398242,-0.1567177090585447,4.703926804486015,31.940026379122884,banana
656,3.7698793339249526,0.0388474200851541,55.456560154225336,-86.90472478647824,date
657,4.401366779142897,-0.17598157076954657,28.23373773207333,17.739611463694043,banana
658,0.9184133531608555,0.07517964658354562,-7.363166836949225,121.25188368316005,date
659,4.363661500749018,0.012862159249126585,50.86564627357923,-32.37917042866007,banana
660,4.856779693393511,0.23869517995739226,34.324480893859146,-169.19626491697633,apple
661,0.18567643147834256,-0.11001355537243059,-8.128651056023138,-1.756282647744591,apple
662,-0.3393237197749274,-0.010266209104063295,13.775272597095526,-90.24230947925126,date
663,3.5857772173822013,0.17982877009230627,50.22796113779116,-34.234093866388235,date
664,0.2934716355257013,0.11913896402914144,8.699236232596617,-8.158776968512099,apple
665,3.705100377802106,-0.06962120515798997,52.402173205022194,-170.5652216015517,cherry
666,-0.025920195465140197,0.022396742837344774,-9.1365969748434,-161.5658339320678,cherry
667,4.199504977062355,0.00019993564150872333,27.758586976499725,48.206683552552526,apple
668,4.309266515770684,0.028195586739415718,39.733765771967235,-52.27186961696803,banana
669,1.0477481367189285,-0.06986804359848298,-1.218609609233742,-256.4744341820567,cherry
670,-0.21223128679188014,-0.008932040270073452,8.306619016835155,78.48440366081351,date
671,0.9415765648627876,-0.1598052375276714,-5.111463067720457,27.236975527423983,date
672,0.7969728931957035,0.013512345186808206,4.229689663003861,-71.38748240364839,apple
673,3.8237657900591953,0.045002067342183205,58.754117771639606,-131.68302110582414,apple
674,4.880783076088987,-0.0227419412643884,34.08436339123549,83.58078963143372,banana
675,-0.05152013592774747,-0.1615050890584788,4.642805049842361,34.93506225604296,apple
676,4.371663392074142,0.09885318628514625,51.06571843315926,238.26022826840733,cherry
677,0.9582254327817099,0.03645250379928023,-2.3128895412036448,42.018859872493735,apple
678,4.285325550265218,-0.07260150977009769,49.46742118398901,38.770314126201484,apple
679,0.7719187500047721,-0.028060044683806396,-2.37535659103503,-16.692793010856512,apple
680,-0.1607472518920814,-0.1500669402781839,16.254408841207955,81.67758672007909,banana
681,0.8957716980306201,-0.10254101277779044,0.9821327169085894,62.50852012481537,date
682,-0.20667363116929996,-0.05378113463571395,17.434376428815607,125.17250085651949,apple
683,0.7993057194299524,0.12284208122801513,-3.9959234710943403,-52.132291863728476,date
684,0.8059330277544968,-0.06395033908874757,6.173986078685213,-43.54074729439623,banana
685,4.301322485711537,0.06402136593287587,41.42887526392887,-47.91031709119801,apple
686,0.4060595983802432,-0.05383162028615798,8.919733751518244,79.08017211789891,banana
687,-0.11411061937011419,0.024794756085187487,19.356172784519735,149.8374440296732,cherry
688,4.983924767850472,-0.014139550214380217,36.421595083983505,-45.88404931493007,apple
689,1.242520565338955,0.08730566000927435,-1.241251000717031,-42.47737277930913,apple
690,5.027516713246262,-0.05348113382185579,39.41071626458485,31.40772238697992,date
691,4.836245600624975,-0.1572528250002441,32.5110288698624,-24.57615000129014,cherry
692,1.0203677169448442,-0.13819490313636326,-7.148121359542738,95.205365313989,banana
693,3.839376490645644,-0.05318774939427574,54.052000333862665,-225.17772906190467,date
694,1.138972037106301,-0.12490599706780528,-0.3558510670478039,-82.67050469168946,date
695,0.1489125305432858,0.041021201567955135,18.647747567994088,-78.24163339614458,banana
696,-0.6585092973095281,-0.04657681648580778,13.805151982392934,-232.03560123861448,cherry
697,4.034027600532566,0.23746065500264316,31.077939609525437,-96.36384443688041,apple
698,1.0635870755335164,-0.1737714595137132,-0.8949758872010749,-91.51561158459262,banana
699,0.15218134594907406,0.020363317870980124,19.60320856322786,-20.110465451883034,cherry
700,4.5098812877229735,-0.1127953023505669,33.08689771499778,111.29658916602637,apple
701,0.09850785761678049,-0.04934013403826786,-8.788903709428048,-24.506065119070236,date
702,3.796568249746035,0.014141947334054418,55.260376611283775,-103.08137202711538,date
703,0.17118188354673342,-0.23253713748742869,1.6287980545280734,-5.695454121352898,banana
704,4.229578154987879,0.02368261167880275,42.16566338343636,104.91736214413494,banana
705,1.0339049247797334,0.1902907462274168,3.437364736224887,-97.59588161149048,apple
706,0.6927280402209851,-0.045343829836859285,4.844298998138093,-91.05748839214486,cherry
707,0.47923612030115015,0.02598078568055095,12.392730204066972,55.85489592742234,apple
708,0.5249781044958325,0.10249216931253993,19.955921165341394,-22.153611573080052,banana
709,-0.16868353239253714,-0.016395350002699656,-0.4636956283671889,64.74846907094744,cherry
710,4.960543733970352,-0.05809601885314833,40.315379713259745,-1.364679179529676,cherry
711,4.034713986612641,-0.22757364037217523,58.940249615570465,70.1663648089567,cherry
712,0.10960000529291003,0.06409907193949733,-10.17219424884865,-103.50781140406409,apple
713,0.8195832578756673,-0.011316840972889724,4.660086435963214,-1.208465078826744,date
714,0.5053411039469776,-0.10126838513881618,23.5305857725797,-21.06900143631568,cherry
715,0.5913938146223761,0.012659671027769357,-10.018532709476759,-121.58909241041307,date
716,-0.45624142130474954,-0.05836803568061814,3.1299615061668087,-156.34779478686883,banana
717,-0.44607053242981687,-0.05284261311155256,17.05274042084387,68.57490352746618,date
718,0.368263608199611,0.06062911561087082,0.6944792538617115,-35.09523822179781,banana
719,3.6539931888697037,-0.13383824113238446,57.91800676494755,-102.22802816473295,date
720,4.214237700997193,0.10473152860737585,48.493393276860445,-9.617893692333226,apple
721,5.063523637704158,-0.13976861631184037,45.00524973495775,112.80188573493027,apple
722,0.06433698009588887,-0.06627014083552639,-9.696245918428485,-228.0737845371923,cherry
723,-0.5777366488773368,0.19229461940665774,4.376073171215599,-149.66386899033265,cherry
724,4.180133835085025,0.11273547616424223,31.15473386545743,-92.28864418952676,cherry
725,3.6389788435511536,0.00976039924954402,43.342845898900116,146.11788667203288,banana
726,4.776958656707262,-0.09405302155012166,46.310866349224746,28.25869829192965,date
727,4.980918138849246,-0.05292723066998933,35.943530521033686,76.73172404612268,banana
728,3.484490073144696,0.007327531458569641,52.553980110564254,-114.01609191262305,cherry
729,-0.12059683891301343,0.0037523232339598425,2.157177365651589,-111.95358752705262,date
730,4.918292224103706,-0.009087092962596285,37.46343839607152,44.78137167227104,cherry
731,-0.2664623581729395,-0.003083251408418433,18.009319198676526,5.827433093544656,cherry
732,-0.41711943760044573,-0.02143751097051141,5.919742677408852,54.873881886412654,date
733,0.13290153810285904,-0.1441978735640013,-1.5250337084290724,-18.767099092845214,date
734,3.4016322078280927,-0.05165107421608328,51.5134792488303,27.814372645462697,banana
735,3.458604012693102,0.09146240539868467,50.29358419786496,15.811908490510918,banana
736,-0.4689972413222902,-0.13683342975511176,8.882237511412459,77.77673890849253,apple
737,4.531521993560698,-0.018955551153927854,61.12596057611486,80.70082819444706,cherry
738,0.300932395985526,-0.0819753928770844,7.297528016084716,-161.98719943917698,date
739,3.851239248863851,0.011135042939811133,41.673300884117026,-224.72685553408556,banana
740,-0.3098167853683589,-0.03886331810668182,1.3129046780957903,100.17453976515071,banana
741,3.3909208441800196,0.1477393664974669,52.91336822656328,118.77250932619366,apple
742,3.8902270065790407,0.05065831541902538,57.236225238726675,-102.06230195133375,banana
743,3.5291246239832614,-0.13118031657772114,45.50769507531118,-185.98354065456286,apple
744,0.34500902357074753,0.06712280116136986,7.949108304578562,9.903482100720092,date
745,0.0989836140470117,-0.0774651856262063,9.31232379685282,93.08382263505294,cherry
746,3.734430106272853,-0.05769963713775336,40.39044813276603,179.75945224343147,apple
747,0.14067751569080417,0.031381902010712184,20.41653603232006,51.6297572101451,apple
748,3.5294572592044293,-0.049174741973013476,45.43673171083789,-37.17166965856949,date
749,0.9387067526508608,0.08928558163229554,1.9887144723220658,-89.31306215848626,date
750,0.17932409528827842,-0.07745100615133954,11.17400898502838,1.1451291670654415,date
751,0.8957110270320383,-0.06189465525913632,4.502338951461711,-29.92647038852564,apple
752,0.4476587891134909,-0.06563708935481088,2.751877680914951,-101.50679057288161,apple
753,4.371986932443106,-0.056563874835503895,60.2191273071622,204.87556508632866,apple
754,4.266257517588376,0.1099191555547813,60.76125909657001,178.5168402072131,date
755,5.001192593648861,0.06287962936103031,38.34101770406151,113.60486835554285,date
756,4.310273621205917,0.17099439540120712,31.43584029067673,-92.08503978091275,date
757,4.401015346482888,0.22676442038992548,51.048620464641786,85.50193242972787,apple
758,1.0288869722819474,-0.10307170319323398,-1.7360815849345363,63.962640949790185,apple
759,3.802183487812415,0.007041912732728889,57.25817237619101,44.2545624204053,date
760,4.986891758974125,-0.1176200316643433,44.90424285557697,124.96652670437771,date
761,1.1764944404090627,-0.07776059277482672,0.8046340301370583,63.53711428612774,cherry
762,0.37434073386889044,-0.06300825102556694,-7.712484178086414,74.00142363043355,apple
763,1.0086124629178335,-0.10571548741382744,-1.460252086880803,63.690628337221014,apple
764,-0.16733895830869916,-0.10518872728984137,17.274448955277283,34.07914080021059,apple
765,0.09731628931674173,-0.014428437852025487,-8.187787683032155,-178.36111297141835,cherry
766,4.738367132720191,-0.12167184183864072,46.1168284310137,8.362107741055723,date
767,0.08946720488291593,0.08421269591376329,9.376454955823224,-55.61919588491252,cherry
768,5.04201605164721,-0.09177535374175143,34.82660863588418,-127.98409576400205,banana
769,4.102395196550749,0.2809568970096392,30.262267785500022,168.18166193008238,date
770,0.9168520297758473,-0.04513844509643952,4.050038540852173,172.89953408857036,apple
771,3.4360066353794725,0.007201764191705222,43.02478140531963,135.9220600295612,date
772,4.258957163785621,-0.12953411844660354,58.37646747646366,25.521341685587462,date
773,4.3573910054851845,0.17060917581276394,43.72544236969031,135.06251209526567,cherry
774,0.4486439962423713,0.11195006808029162,-9.024883074549505,1.2053180601825542,date
775,4.112623101792767,0.029691587073611254,50.58907988590633,20.27972768977794,cherry
776,-0.39939283314699126,-0.13468025487795657,15.348207909898214,-109.3471370461983,banana
777,-0.5403065267845665,0.02106668777246203,8.46830235835385,39.699130449884,banana
778,4.301992746737778,-0.1121431046017255,31.479529319897676,6.03859284244171,date
779,-0.23002075897659574,0.14623552634733608,6.006977433306837,-130.26521168344644,cherry
780,0.8598715879913512,0.08091947318531728,-4.829356860675115,-5.1197111816596905,apple
781,0.7954672704440207,0.009543903848773613,-2.1171762787326514,-7.972956385680847,date
782,3.943171753802581,-0.24363756632473224,41.67744092994947,179.756116664464,apple
783,3.3547006533897985,-0.09834159786590307,49.33148757877288,89.42133285134095,cherry
784,4.906362746992382,0.06877611315998725,40.12811818248309,1.1445439091466014,apple
785,0.9890760878234326,0.12128836917231559,-0.45553345078517854,24.878730980108298,cherry
786,4.477339312924027,0.11091698114921317,38.69497119236237,4.421237810419806,banana
787,0.27050706861231055,-0.15920130022414555,-1.5412247844533429,-20.291398479554772,banana
788,4.526199089454849,0.030155230681290408,48.40653122599057,-108.24271973882868,cherry
789,4.556236213283185,0.10155152164829295,49.35919256960294,-15.105187760692926,date
790,3.8520954375010796,-0.16583355655822452,42.51257469071369,-74.60982566525134,banana
791,0.10942844301699815,-0.0007904515373236348,2.9065193940690603,-125.03155389231463,date
792,1.0482468883005076,0.027384239830845626,-3.2737668293432387,51.122181454753466,banana
793,4.679907236720843,-0.030076458484673493,33.658505253093175,39.12646599332349,apple
794,3.7799917679439554,-0.18521618554012018,54.0571504033592,-178.67075113680778,apple
795,0.6577962082194477,-0.03256981100737287,6.632386379781023,-12.268463749512721,apple
796,4.797815070929166,-0.0327305430255024,32.39260533846765,99.57013858999235,cherry
797,4.872865868618677,-0.01480724045477542,31.506716636484242,105.92237388963208,cherry
798,0.1979808422326897,-0.05634714254250696,18.746280134299123,102.58368428852387,banana
799,-0.21531536568188991,-0.044301215324146735,6.67000158866581,3.8913206901459803,banana
800,4.023860346690123,-0.00397062823469779,41.231319090729706,-84.50453279691511,date
801,0.7998901678083136,0.04424546049697112,5.979919066758789,-108.36988273580606,cherry
802,0.14410975074552682,-0.03044267628566672,19.89806311734155,34.46049047503575,apple
803,0.3748188082074597,-0.04096489283680019,0.6776161512942885,37.9280034365163,apple
804,4.845575476363683,0.009235403825445809,37.99694660211226,128.73311116050655,banana
805,0.8652473515218888,-0.19209159258951816,6.850662529566902,109.99796503420836,banana
806,0.9102372205486364,0.04770351272264581,-4.072168187464712,-13.22286565311721,date
807,3.9131724403382067,-5.6309712295880826e-05,59.38731414085851,-124.42058788608693,cherry
808,3.6264025406183107,0.003969352659756183,51.4151183544282,-31.910659701089784,date
809,4.131885212028285,0.09607343075944641,49.43319572215962,21.723119481052468,cherry
810,4.919287969232512,-0.19528155300482483,37.68268957067501,-20.20832453894041,banana
811,4.608436656006651,-0.1973833869858964,47.251791459140065,-57.789410807765584,cherry
812,0.8743940832214145,0.027380384532351955,0.6681211580507607,25.28848149698989,cherry
813,0.13244926011804242,-0.0007116855128515773,-10.784717851464746,-50.39577414106105,cherry
814,4.710807103078582,0.017017694319193224,48.40260439178361,-62.8066083725374,apple
815,3.7912623742539204,-0.04621270751724456,60.48097575721094,31.145283430343955,cherry
816,4.842536138006056,0.06643536742399313,36.28373066509837,-40.19925801292048,banana
817,4.722650257686955,0.093263884299112,33.3083916088779,24.410438897835213,date
818,0.026074197985846398,0.0483982293951527,-9.854730513434916,27.32040228521227,date
819,-0.14439172466414352,-0.026082845840458314,5.589150421171936,-113.94290010915746,cherry
820,0.5341079609194453,-0.21076893876144032,8.803769679866171,-48.12411238654122,date
821,-0.11979389362382732,0.07692362080371282,18.35670091648111,143.77769399164623,cherry
822,1.1517020966191727,0.12217286662175929,1.0299615727010898,-116.2079512734287,apple
823,-0.1825224846864665,0.064455841198398,5.279382222727035,-211.6654448970531,cherry
824,3.832058389615382,-0.08796424273675066,57.503384549817454,-186.18451532425115,date
825,3.737433644631613,0.06737943936677579,45.90073424349062,2.91099465766692,apple
826,0.7416207413308217,0.08605297079614455,7.1381696262530365,3.0917278032698907,apple
827,4.648592356302677,0.15588162477990858,46.3417845949221,-11.761085542512093,banana
828,5.00167967533841,-0.08761099242279577,47.14374631939535,121.41898289285015,date
829,4.2715488293937725,-0.022645458454413847,57.161068903416975,-267.28344331029376,cherry
830,-0.1680459090107423,0.07472720511434552,16.287911672273985,39.593387443082364,date
831,3.96049786679269,0.005741007143815779,42.22326408233357,156.14382018035732,date
832,4.228903793729858,-0.11173276020512748,61.78425870462508,-112.7780764891714,cherry
833,3.7846769343932576,0.0414616285026703,44.370017811538446,-37.98065117898951,cherry
834,4.405358772787002,0.05786616338151667,45.96022240419099,-75.28919172286209,banana
835,4.632856596387797,0.0087962896331002,43.7768993940506,-89.43460460775287,apple
836,4.603043752921964,0.021958492717994417,46.19578178005111,-32.626200502303995,banana
837,5.032125635567152,-0.025870590168573016,43.92100400399894,142.74852836845048,cherry
838,4.085558026235431,0.14782789357160595,60.7681105992551,183.73866754875203,apple
839,4.3961393711610945,-0.09006921837126766,48.38937184227687,-33.59392250401477,apple
840,4.694904510144053,-0.05873207627637789,47.006674043047155,190.50602140644702,apple
841,-0.45942892039630506,0.001098551352752562,11.677099948425418,3.5576476984624863,cherry
842,-0.5896576219683224,0.08789540277008927,14.27058297148157,175.3691026701081,date
843,0.041869610424995735,-0.14973731700945367,1.2838512532992978,-9.329864965349177,date
844,4.479882526182278,-0.13102967497654391,47.381451595323654,13.10578260461443,banana
845,3.3102746875409093,-0.2037728507734718,54.23516435105633,36.547447264283456,cherry
846,1.124530149640066,0.003269522525327079,2.646587887023835,317.88536793675354,date
847,4.078572959117485,-0.1118305817206544,40.62770649490926,85.1285574844789,cherry
848,0.5944396976129682,-0.038455011001791675,7.236203893027421,-70.72645299514636,banana
849,0.12377019372722664,0.0661378189891708,2.137913130809692,96.89978702758579,banana
850,-0.20712645270410013,-0.06415427207828465,-0.7093837602982266,-36.18325370843415,cherry
851,0.2866498159382646,0.023128202274336457,19.85295949542789,-48.975018290120914,banana
852,-0.35889339581474944,-0.029933790775172206,8.856355879953213,90.86013598921112,date
853,3.8432746538871796,0.06721143150964369,41.842732327033346,3.1085587771152787,date
854,3.761753483740178,0.04751280673480088,52.83610519370603,27.857591451180607,apple
855,0.9072431228546469,-0.069193369617461,-6.528172541704901,1.398522186529246,cherry
856,3.593286951566944,-0.016865175340045262,52.68009679208659,33.65831266054347,banana
857,3.447361904371556,0.10437433977204945,52.05435985824599,42.49658974361492,cherry
858,-0.27357527278860394,0.039337687025409705,12.871178592529162,-193.69669327054154,banana
859,-0.3741694245484005,-0.13969620577511316,3.2044262476400496,66.65726686095336,banana
860,4.907922523522721,0.06556180611713827,39.44383073725926,-98.20194198303007,banana
861,3.4354902598193577,-0.10846106224362383,47.81004654771387,-144.22991355594112,apple
862,3.404282778703616,0.1412513069961006,50.94222813390612,-5.841124385868244,date
863,3.4717058226228525,0.1024098839841025,45.74758915798567,8.398100331445427,apple
864,3.6250046627749937,0.02898854759184008,45.161050690978186,-69.35061645722807,banana
865,4.283920169894293,0.015723284343619342,39.16083332577649,83.10318576679744,apple
866,0.7753284708173093,-0.020903225602742003,-5.142550551518545,-134.21751663709068,apple
867,0.6660037581100812,0.06785239514000281,-8.326515930277264,-40.694374877255896,banana
868,-0.25000362276776156,-0.03707781694620617,17.680872332668326,-58.48741349330007,date
869,4.794813820823754,0.023556987063989388,46.591580748054724,-4.658727033933937,date
870,0.6913130342478557,0.08719343665194512,-4.6612594781354675,27.886428464723878,banana
871,-0.034331566402625,-0.05618065435255897,2.5683910748694325,-100.78929496235448,cherry
872,4.679539132449864,-0.06161927399906946,41.081688024628214,72.42826774562282,date
873,0.5977357003981841,-0.11943654807244591,8.967389326303381,6.300236833469973,apple
874,4.421211676227568,-0.10644727461261723,46.18718305524686,-189.19462533119105,date
875,4.473349375485208,-0.18283953114415025,47.11812038945332,-195.8591440397031,apple
876,0.7620348684032782,0.07298287890155296,9.585093955873798,-1.2319292929311234,apple
877,4.432909339903241,0.1808914542082771,32.456378640196235,-22.09673177863541,banana
878,-0.2850087961456765,0.14253289434703056,17.246331985475855,-10.34201135746335,apple
879,0.5338347821654721,-0.16260844886265166,7.028757475814693,-2.798245653021798,date
880,3.6171317620953243,0.07248546715562,47.509697103324164,22.55598395101807,date
881,3.595752355520405,0.14221063499235564,48.706194404927174,94.76496098482997,banana
882,5.120461930356922,-0.045680998073866406,42.24289374625127,-111.11049009175582,date
883,0.9194778957084876,0.010144743065004947,4.7814089660096295,-117.19715929007948,date
884,0.7848267606622384,-0.20078930508046705,-2.252314729851431,-109.33238578873825,date
885,4.617988073484807,0.026673616797664154,48.774657849928296,28.891666716870688,date
886,-0.1740113162409645,-0.10635597294347175,13.835767978482338,124.49473786464455,cherry
887,3.369008629162587,0.019963501791151455,55.94694872690841,-43.13394382395105,apple
888,4.40523205595577,-0.15612029221888804,63.19417862513372,-250.16998441596544,date
889,3.780164433451123,0.05428582244775959,43.95079329876225,-170.39928626103756,cherry
890,-0.2237149375954304,0.10245126754266898,16.437048028597058,-83.30367227960116,date
891,3.449046378285188,-0.07831798617151677,46.26509395600495,-55.77288874952148,date
892,0.859002302647016,-0.11369225814104345,-4.998858490236428,-40.838862725472644,apple
893,3.5615364773722513,-0.21560230425499813,53.233264084373985,3.8581122980917066,banana
894,4.071184767000395,-0.026641353407517707,47.94574052077833,-31.174633082244714,apple
895,3.9610803477608396,-0.05815939342816051,48.65514329333061,104.93396105434071,apple
896,4.712969181044162,-0.15510194123480547,31.749608757266984,-67.60173056813687,date
897,0.46552804663030234,0.04530187563121717,8.360872846858772,-86.2317959475543,date
898,-0.10704593550349416,-0.044997038186464916,4.777285392012372,47.88755385204616,date
899,-0.1834748211078303,-0.10757359586452325,11.389175711769974,-153.56420699261193,date
900,0.528097855401312,-0.05545724056404471,20.47230796849895,38.96917053200022,cherry
901,0.8659558686039533,0.10713045389296157,1.2439008217371175,10.255318372626686,cherry
902,-0.07031883523920873,0.060293694375522226,4.845517082756795,-14.744248991816741,date
903,4.020265917473728,-0.013002606149848984,59.90762698715304,158.82761071492624,cherry
904,4.194748546782058,0.06191050184648526,59.241425512429316,-62.220744529471794,cherry
905,4.133734296421467,-0.1160911956386739,29.4468833867033,206.02981705240785,apple
906,0.23290182847930663,0.0032370100727030534,0.2888911646694876,-22.54314492280993,cherry
907,0.3711132609592894,0.014732233048647056,-10.112166040867498,-127.70164449702281,date
908,4.532414740738755,-0.04698365084987269,47.21238017300959,6.99195809948253,cherry
909,-0.06506210331294031,0.04354583359574179,8.379223890969978,-107.62452003187681,banana
910,4.960582910564192,-0.07804334546444514,37.693336874433655,-75.17558478135003,apple
911,3.597789614647932,0.05098207077761179,56.246643903131584,39.70333000154911,apple
912,3.71482638599646,0.0551858771531292,43.83479146348806,55.55820886501248,cherry
913,4.087222415185053,-0.2917159880697066,58.148886952325824,-62.21677002542582,cherry
914,4.860176000533983,0.11903057035101178,33.38693879536331,98.74051450464006,date
915,0.3764398377704533,-0.3047632565352754,-6.464901665020059,115.7507758021134,date
916,0.935883216667978,-0.06160490255561253,8.210114072024375,143.6301756563291,banana
917,-0.1564880292538017,0.1025348034257755,2.5701403551565436,52.94134071257221,date
918,0.7075673497164721,-0.03172867252524407,6.722502331594985,136.34287120856987,cherry
919,0.8627246043668728,-0.1466185982469542,-2.519634213212571,-188.07984279740577,banana
920,4.406406158057429,-0.10937370617166707,47.97193963985457,-31.790654862846257,date
921,-0.43570950169817035,0.10269057463206198,1.9047473166302242,-86.70052563234263,apple
922,0.26356231295594984,-0.19215045305486383,-0.19002951249431296,11.922586112739209,cherry
923,0.6988459594453169,0.11289911009620174,6.4045846081395075,-57.14492191967373,date
924,4.461616426523766,-0.005510209904228934,49.65585224136042,-16.615784194973237,cherry
925,4.825622783244258,-0.11923953304424335,33.63792722986353,188.21748802040494,date
926,1.0226311242329122,-0.058311507230269115,3.024023012961439,-16.97197964203783,apple
927,0.32842325489024454,-0.10172243411016413,20.25275318338585,41.37923171902139,cherry
928,3.867802353985954,0.08662252008585286,59.328156000187775,-23.22693299242352,date
929,-0.10981196073430574,0.07324278097628383,4.860430755626355,7.5713287956833675,cherry
930,4.71829537091603,-0.17191611338760468,46.40547633220359,0.6016680436071459,date
931,3.627028580133382,-0.04035921185193341,47.50139481070179,44.83240659731595,banana
932,4.491642664527854,-0.08631856623442771,58.31806051587026,116.53075355471769,cherry
933,-0.21623656144948394,0.12935099684593704,1.6827778229288621,164.73939976033293,banana
934,3.81750820925665,-0.1350099118126421,45.222103371116305,30.962008190916684,date
935,3.8569648125731,0.1604229104685014,56.569639685952346,58.954688603560214,apple
936,4.842438096767314,-0.0033294739516937567,40.43581906004957,-115.0864509185567,banana
937,3.365401914271916,-0.11619344063800877,56.809856302351434,-8.787674241562057,apple
938,3.970401508135799,-0.06772741840092779,31.043693731817722,94.0289464883589,cherry
939,-0.1070641557251375,-0.08016188407684506,20.225154387435502,86.59686384171532,apple
940,4.039455807378761,-0.1274618402015506,39.94323601714577,21.160973279505022,banana
941,0.5139994841968446,0.009482685973037567,-10.938182993437502,88.63939595679524,date
942,-0.7243875185703941,-0.12279155506918434,10.940673677671208,49.07667089938189,banana
943,4.753631014494211,-0.2180366208738189,41.85669194288566,120.03062582593216,apple
944,-0.673429104885201,-0.03796764708481731,7.346084179870742,28.935915695711113,apple
945,0.20325449293726192,-0.18028561964178827,18.966781819275287,-35.56983155710346,apple
946,3.7818636321903796,-0.07521608680675204,43.20900032998441,33.58412569330236,date
947,1.1174548126421362,-0.09091028886033559,-3.5618369692577083,-293.0594375852776,cherry
948,3.4817363928520795,-0.08712160720258143,55.456182519671614,38.28857363850495,date
949,3.6159548301256725,0.20009631015901538,46.82408934312921,-364.8412825214784,apple
950,0.5880843934100466,0.005641156716957077,-6.510783856046942,-172.3463407405418,banana
951,4.951403762843803,0.024537100899533218,43.66922826859256,45.176860094098416,apple
952,5.115777917967306,-0.17763982963422947,38.480525573353106,47.75293372667952,banana
953,0.7731022755872085,-0.0653963133636922,-2.7195886441608517,-116.24287801399305,cherry
954,4.368417648850539,0.0215302629941512,49.56106864239472,-71.21020418789388,date
955,3.747461186510074,-0.10245289129130064,55.19752714566024,137.0540988614132,banana
956,-0.12161988070207069,0.09080628435179855,18.382998942125045,-48.403013157267615,date
957,4.775302024562135,-0.12026965859010302,45.54889767860661,224.2920312402985,cherry
958,5.068114848284686,-0.028636613586517562,33.37027288585582,-0.1919853176346149,banana
959,4.633484090939186,-0.058605163997555866,57.978235270014466,40.80361768812668,date
960,-0.06102038994195824,0.0164320659381916,3.6709580801228188,161.68743984986077,banana
961,0.838918097898045,-0.0640490071855426,-7.067032124021298,13.102711619341957,apple
962,4.471310539438933,-0.027089362707093737,30.788485999760052,-100.23439806908013,date
963,4.735600226374737,-0.023613009177798558,45.791813064013375,-10.972745169429011,date
964,-0.04774840714492262,-0.0734387757391301,17.161025834646235,-3.5610736190090932,apple
965,3.8577094012668227,0.04850938684971127,56.907602650410425,-136.47416522015655,date
966,-0.4906173530052591,0.02383883748374253,4.013183684256811,-25.583207134082336,date
967,0.42879071570178695,-0.008861394525316731,1.853418772648462,-74.21920939974368,date
968,3.463880316017404,-0.043045833346195814,43.825769815822824,92.4357757187434,banana
969,4.162682823195769,0.07965440305199971,59.57069822950529,3.4611874185255616,cherry
970,4.941375611579085,-0.02358342438141814,37.804298176806455,-28.279574914757006,cherry
971,0.03462677150504315,-0.03066972878259372,2.7513233005442252,-10.618193062257626,cherry
972,4.017798449877955,0.010469002988812601,42.93950039427831,22.312201840616613,cherry
973,5.03487142604604,0.1696586682970851,45.42885372286028,61.68141996897798,cherry
974,4.87057006996407,-0.1340356208021204,38.660120134121065,-99.97122286693813,cherry
975,3.5789941735906305,0.07698568930553547,45.10181202364546,-104.15876326212718,cherry
976,-0.41156339080070997,-0.18931711612381052,10.97114410856845,110.467921540253,cherry
977,-0.020692868544435573,0.021727315822862397,9.921587652922149,-41.23368722047306,apple
978,4.953969102403672,0.1575082827608731,44.85179328834769,-141.6842092596874,apple
979,3.4327736394344996,0.04886685244673072,51.26904842529114,44.381270938310465,date
980,0.16290389174354597,0.01706250785397928,-9.914082268144744,46.33698060326869,date
981,4.771664449693735,-0.05604494688030756,45.2203377413496,-153.07152572567065,cherry
982,-0.04572007193643385,0.003104720048855424,9.725472182220077,22.94817154636063,apple
983,-0.33708509107106055,-0.02520628154033563,8.400896262217971,73.55830924283737,date
984,-0.2492826464724457,-0.07859766079313554,14.835315047423048,37.43864517062631,apple
985,0.062202023880152224,-0.028987561547486985,-0.24864997620347287,63.19814837613953,banana
986,-0.607720286503767,0.019838116062643955,8.950928974484093,-140.4269098090749,banana
987,3.3366066416000555,-0.07672170685306404,52.17508986072264,33.10401549961956,apple
988,-0.22689365906298609,-0.08062818206846842,5.081796020372783,-30.261975947044657,date
989,0.8931340509966035,-0.13602434375921743,4.9215702107376185,-48.279015872464484,cherry
990,4.8475709190755465,0.039072502608889614,42.70496121648597,87.05556094197266,banana
991,3.9613364144977203,0.05453232619670604,41.45053902483801,147.927451067423,cherry
992,0.005341104854391127,0.02316604442365175,16.692588479269183,179.4370054600359,apple
993,4.293680939800797,0.09651704927286658,32.01894634767647,131.48078715059052,banana
994,0.7580506245785361,0.008786763708072753,6.128545677978236,-10.97341816301837,cherry
995,0.7200613831165835,0.039201093736575675,-1.421181540943584,35.272016302634306,banana
996,0.9615878567743671,0.030383742563756283,1.7599710064425944,76.68228717842437,date
997,4.946947478278282,-0.009154001941820788,40.887502776546356,12.117794929946196,apple
998,0.354383799071312,-0.05308218281296473,-9.437737061046509,13.076418791154437,apple
999,4.233389834736235,0.2214152615791911,43.65811501813699,82.3753131876182,cherry
